{"cameraMode":{"drawMode":0,"name":"Shaded","section":"Shading Mode"},"sceneLighting":false,"audioPlay":false,"sceneViewState":{"m_AlwaysRefresh":false,"showFog":true,"showSkybox":false,"showFlares":true,"showImageEffects":true,"showParticleSystems":true,"showVisualEffectGraphs":true,"m_FxEnabled":true},"in2DMode":false,"pivot":{"x":7.095699310302734,"y":-0.07866537570953369,"z":-1.7892231941223145},"rotation":{"x":0.05890632048249245,"y":0.8649901747703552,"z":-0.10457020998001099,"w":0.48723840713500979},"size":3.0671582221984865,"orthographic":false}