{"cameraMode":{"drawMode":0,"name":"Shaded","section":"Shading Mode"},"sceneLighting":false,"audioPlay":false,"sceneViewState":{"m_AlwaysRefresh":false,"showFog":true,"showSkybox":false,"showFlares":true,"showImageEffects":true,"showParticleSystems":true,"showVisualEffectGraphs":true,"m_FxEnabled":true},"in2DMode":false,"pivot":{"x":-1.6949185132980347,"y":0.03824900463223457,"z":1.6208739280700684},"rotation":{"x":0.11056405305862427,"y":0.6400566697120667,"z":-0.09379171580076218,"w":0.7545264363288879},"size":1.2524410486221314,"orthographic":false}