{"cameraMode":{"drawMode":0,"name":"Shaded","section":"Shading Mode"},"sceneLighting":false,"audioPlay":false,"sceneViewState":{"m_AlwaysRefresh":false,"showFog":true,"showSkybox":false,"showFlares":true,"showImageEffects":true,"showParticleSystems":true,"showVisualEffectGraphs":true,"m_FxEnabled":true},"in2DMode":false,"pivot":{"x":24.572139739990236,"y":-3.267758369445801,"z":16.14249610900879},"rotation":{"x":0.08837337046861649,"y":0.01585390418767929,"z":-0.0014067258452996612,"w":0.9959610104560852},"size":9.093266487121582,"orthographic":false}