{"cameraMode":{"drawMode":0,"name":"Shaded","section":"Shading Mode"},"sceneLighting":false,"audioPlay":false,"sceneViewState":{"m_AlwaysRefresh":false,"showFog":true,"showSkybox":false,"showFlares":true,"showImageEffects":true,"showParticleSystems":true,"showVisualEffectGraphs":true,"m_FxEnabled":true},"in2DMode":false,"pivot":{"x":2.1998157501220705,"y":-0.011520945467054844,"z":4.379223823547363},"rotation":{"x":-0.04291911795735359,"y":0.7076965570449829,"z":-0.04315036162734032,"w":-0.7038930058479309},"size":1.102846384048462,"orthographic":false}