{"cameraMode":{"drawMode":0,"name":"Shaded","section":"Shading Mode"},"sceneLighting":false,"audioPlay":false,"sceneViewState":{"m_AlwaysRefresh":false,"showFog":true,"showSkybox":false,"showFlares":true,"showImageEffects":true,"showParticleSystems":true,"showVisualEffectGraphs":true,"m_FxEnabled":true},"in2DMode":false,"pivot":{"x":21.34189796447754,"y":0.2029266357421875,"z":7.013663291931152},"rotation":{"x":0.711889386177063,"y":-0.026310721412301065,"z":0.026708373799920083,"w":0.7012901902198792},"size":2.4082536697387697,"orthographic":false}