{"cameraMode":{"drawMode":0,"name":"Shaded","section":"Shading Mode"},"sceneLighting":true,"audioPlay":false,"sceneViewState":{"m_AlwaysRefresh":false,"showFog":true,"showSkybox":true,"showFlares":true,"showImageEffects":true,"showParticleSystems":true,"showVisualEffectGraphs":true,"m_FxEnabled":true},"in2DMode":false,"pivot":{"x":1.9975188970565797,"y":12.392638206481934,"z":5.49067497253418},"rotation":{"x":0.035917364060878757,"y":-0.06382324546575546,"z":-0.002306083682924509,"w":-0.9973251223564148},"size":8.07451057434082,"orthographic":false}